{"positionX":792.917603,"positionY":309.241272}
