{"positionX":745.708374,"positionY":-106.40567}
