{"positionX":-43.874062,"positionY":-20.820889}
