{"positionX":1017.343384,"positionY":489.870026}
