{"positionX":790.68689,"positionY":-147.002426}
