{"positionX":1019.313049,"positionY":516.226318}
