{"positionX":996.046082,"positionY":524.396393}
