{"positionX":798.686951,"positionY":-157.668579}
