{"positionX":753.285583,"positionY":-23.183933}
